Node,Label
1,Document 1
2,Document 2
3,Document 3
4,Document 4
5,Document 5
6,Document 6
7,Document 7
8,Document 8
9,Document 9
10,Document 10
11,Document 11
12,Document 12
13,Document 13
14,Document 14
15,Document 15
16,Document 16
17,Document 17
18,Document 18
19,Document 19
20,Document 20
21,Document 21
22,Document 22
23,Document 23
24,Document 24
25,Document 25
26,Document 26
27,Document 27
28,Document 28
29,Document 29
30,Document 30
31,Document 31
32,Document 32
33,Document 33
34,Document 34
35,Document 35
36,Document 36
37,Document 37
38,Document 38
39,Document 39
40,Document 40
41,Document 41
42,Document 42
43,Document 43
44,Document 44
45,Document 45
46,Document 46
47,Document 47
48,Document 48
49,Document 49
50,Document 50
51,Document 51
52,Document 52
53,Document 53
54,Document 54
55,Document 55
56,Document 56
57,Document 57
58,Document 58
59,Document 59
60,Document 60
61,Document 61
62,Document 62
63,Document 63
64,Document 64
65,Document 65
66,Document 66
67,Document 67
68,Document 68
69,Document 69
70,Document 70
71,Document 71
72,Document 72
73,Document 73
74,Document 74
75,Document 75
76,Document 76
77,Document 77
78,Document 78
79,Document 79
80,Document 80
81,Document 81
82,Document 82
83,Document 83
84,Document 84
85,Document 85
86,Document 86
87,Document 87
88,Document 88
89,Document 89
90,Document 90
91,Document 91
92,Document 92
93,Document 93
94,Document 94
95,Document 95
96,Document 96
97,Document 97
98,Document 98
99,Document 99
100,Document 100
101,Document 101
102,Document 102
103,Document 103
104,Document 104
105,Document 105
106,Document 106
107,Document 107
108,Document 108
109,Document 109
110,Document 110
111,Document 111
112,Document 112
113,Document 113
114,Document 114
115,Document 115
116,Document 116
117,Document 117
118,Document 118
119,Document 119
120,Document 120
121,Document 121
122,Document 122
123,Document 123
124,Document 124
125,Document 125
126,Document 126
127,Document 127
128,Document 128
129,Document 129
130,Document 130
131,Document 131
132,Document 132
133,Document 133
134,Document 134
135,Document 135
136,Document 136
137,Document 137
138,Document 138
139,Document 139
140,Document 140
141,Document 141
142,Document 142
143,Document 143
144,Document 144
145,Document 145
146,Document 146
147,Document 147
148,Document 148
149,Document 149
150,Document 150
151,Document 151
152,Document 152
153,Document 153
154,Document 154
155,Document 155
156,Document 156
157,Document 157
158,Document 158
159,Document 159
160,Document 160
161,Document 161
162,Document 162
163,Document 163
164,Document 164
165,Document 165
166,Document 166
167,Document 167
168,Document 168
169,Document 169
170,Document 170
171,Document 171
172,Document 172
173,Document 173
174,Document 174
175,Document 175
176,Document 176
177,Document 177
178,Document 178
179,Document 179
180,Document 180
181,Document 181
182,Document 182
183,Document 183
184,Document 184
185,Document 185
186,Document 186
187,Document 187
188,Document 188
189,Document 189
190,Document 190
191,Document 191
192,Document 192
193,Document 193
194,Document 194
195,Document 195
196,Document 196
197,Document 197
198,Document 198
199,Document 199
200,Document 200
201,Document 201
202,Document 202
203,Document 203
204,Document 204
205,Document 205
206,Document 206
207,Document 207
208,Document 208
